epoch,time,train/box_loss,train/seg_loss,train/cls_loss,train/dfl_loss,train/sem_loss,metrics/precision(B),metrics/recall(B),metrics/mAP50(B),metrics/mAP50-95(B),metrics/precision(M),metrics/recall(M),metrics/mAP50(M),metrics/mAP50-95(M),val/box_loss,val/seg_loss,val/cls_loss,val/dfl_loss,val/sem_loss,lr/pg0,lr/pg1,lr/pg2
1,38.5174,1.76412,4.11809,7.53827,0.01724,5.45242,0.00167,0.5,0.00084,0.00021,0.00114,0.34091,0.0004,0.00018,1.31698,3.32046,9.97412,0.01771,0,4e-05,4e-05,4e-05
2,42.3701,1.77079,4.19792,7.655,0.01823,5.40888,0.00114,0.34091,0.0004,0.00013,0.00091,0.27273,0.00025,0.0001,1.38129,3.36567,10.0799,0.01886,0,9.901e-05,9.901e-05,9.901e-05
3,45.7382,1.78149,4.20027,7.69502,0.01686,5.42998,0.00159,0.47727,0.00077,0.0002,0.00114,0.34091,0.00041,0.00015,1.42999,3.37774,10.1352,0.01927,0,0.000156832,0.000156832,0.000156832
4,49.1258,1.73879,4.05573,7.42416,0.01578,5.52532,0.00182,0.54545,0.00107,0.00039,0.00182,0.54545,0.00106,0.00034,0.92276,2.68815,9.34732,0.01136,0,0.000213466,0.000213466,0.000213466
5,52.8313,1.10448,3.02389,6.88556,0.00946,4.94477,0.00318,0.95455,0.01282,0.00883,0.00333,1,0.01386,0.00779,0.55934,1.91647,8.7982,0.00592,0,0.000268912,0.000268912,0.000268912
6,56.4332,0.8868,2.12906,6.18713,0.00648,4.0535,0.00333,1,0.6007,0.47414,0.00333,1,0.6007,0.38678,0.61328,1.81802,8.75218,0.00657,0,0.00032317,0.00032317,0.00032317
7,60.2486,0.8083,1.73781,5.54412,0.00592,3.44432,0.00333,1,0.71659,0.53177,0.00333,1,0.71659,0.44198,0.67211,1.83593,8.82764,0.00702,0,0.00037624,0.00037624,0.00037624
8,63.9963,0.81865,1.5908,5.08476,0.00588,2.99857,0.00333,1,0.56953,0.40838,0.00333,1,0.56953,0.37499,0.72264,1.64494,8.84696,0.00787,0,0.000428122,0.000428122,0.000428122
9,67.5865,0.81112,1.52128,4.99943,0.00619,2.48844,0.00333,1,0.54325,0.4055,0.00333,1,0.54325,0.37094,0.75786,1.50943,8.79217,0.00871,0,0.000478816,0.000478816,0.000478816
10,71.0795,0.85891,1.47809,4.70402,0.00616,2.02531,0.00333,1,0.60028,0.49047,0.00333,1,0.60028,0.39919,0.55591,1.32135,8.56179,0.00587,0,0.000528322,0.000528322,0.000528322
11,74.495,0.80357,1.35812,4.63596,0.00659,1.50063,0.00333,1,0.64138,0.48453,0.00333,1,0.64138,0.43365,0.65936,1.22668,8.77489,0.00744,0,0.00057664,0.00057664,0.00057664
12,77.9499,0.7393,1.32286,4.19206,0.00546,1.26263,0.00333,1,0.71795,0.55772,0.00333,1,0.71795,0.50621,0.61565,1.20308,8.75011,0.00656,0,0.00062377,0.00062377,0.00062377
13,81.5377,0.81565,1.29348,3.84799,0.00614,1.04566,0.00333,1,0.72564,0.60206,0.00333,1,0.72564,0.5439,0.51773,1.09581,8.65082,0.00544,0,0.000669712,0.000669712,0.000669712
14,85.1748,0.76801,1.35426,3.88758,0.00578,0.83376,0.00333,1,0.59965,0.51819,0.00333,1,0.59965,0.45944,0.49208,1.15678,8.58792,0.00509,0,0.000714466,0.000714466,0.000714466
15,88.6388,0.75631,1.22533,3.39823,0.00591,0.68541,0.00333,1,0.66277,0.55912,0.00333,1,0.66521,0.49485,0.55967,1.00431,8.60873,0.00577,0,0.000758032,0.000758032,0.000758032
16,92.0301,0.81869,1.32524,3.40015,0.00614,0.70192,0.00333,1,0.63496,0.47707,0.00333,1,0.64674,0.44221,0.63679,1.29473,8.72449,0.00742,0,0.00080041,0.00080041,0.00080041
17,95.545,0.82722,1.2853,3.31433,0.00656,0.5924,0.00318,0.95455,0.66303,0.51846,0.00333,1,0.66612,0.46139,0.64038,1.2051,8.6893,0.00706,0,0.0008416,0.0008416,0.0008416
18,99.109,0.85161,1.22915,3.09186,0.00678,0.59072,0.00303,0.90909,0.66324,0.55469,0.00333,1,0.66759,0.48611,0.65426,1.11228,8.46314,0.00703,0,0.000881602,0.000881602,0.000881602
19,102.428,0.80846,1.22051,2.94057,0.00601,0.50131,0.00333,1,0.67826,0.60617,0.00333,1,0.67945,0.47971,0.49959,1.31105,8.11763,0.0055,0,0.000920416,0.000920416,0.000920416
20,105.957,0.80232,1.16512,2.8361,0.00576,0.46179,0.9307,0.61054,0.70081,0.57499,0.9307,0.61054,0.70106,0.51204,0.61968,1.18645,7.91924,0.00678,0,0.000958042,0.000958042,0.000958042
21,109.297,0.76547,1.02944,2.55901,0.006,0.42994,0.8575,0.63636,0.77879,0.67272,0.8575,0.63636,0.77879,0.59578,0.58279,1.03252,7.54686,0.00632,0,0.00099448,0.00099448,0.00099448
22,112.714,0.79299,1.13383,2.34812,0.0058,0.44465,1,0.31732,0.83373,0.67016,1,0.31732,0.83373,0.59906,0.66221,1.16604,7.4197,0.00782,0,0.00102973,0.00102973,0.00102973
23,116.135,0.72728,1.06779,2.1503,0.00549,0.42105,1,0.43026,0.86091,0.60178,1,0.43026,0.86091,0.58991,0.84926,1.15536,7.50012,0.00972,0,0.00106379,0.00106379,0.00106379
24,119.49,0.82223,1.10664,2.1257,0.006,0.37282,0.95752,0.51254,0.87248,0.73519,0.95752,0.51254,0.87248,0.68127,0.62924,0.97092,6.36793,0.00707,0,0.00109667,0.00109667,0.00109667
25,122.886,0.77402,1.12307,1.98274,0.00574,0.43643,1,0.52629,0.93227,0.80494,1,0.52629,0.93227,0.65399,0.55537,1.26981,5.35168,0.00591,0,0.00112835,0.00112835,0.00112835
26,126.223,0.75255,1.07471,1.75196,0.00508,0.4629,0.95885,0.52977,0.82206,0.64144,0.95885,0.52977,0.82565,0.52376,0.83004,1.4068,5.12376,0.00957,0,0.00115885,0.00115885,0.00115885
27,129.617,0.81777,1.19213,1.87348,0.00603,0.44451,0.96775,0.68205,0.93082,0.79835,0.96775,0.68205,0.93082,0.68581,0.62556,1.26724,4.01605,0.00674,0,0.00118816,0.00118816,0.00118816
28,133.366,0.7505,1.09635,1.70472,0.00603,0.36899,0.9645,0.61764,0.88415,0.73876,0.9645,0.61764,0.88415,0.67276,0.66823,1.09782,3.6926,0.00767,0,0.00121628,0.00121628,0.00121628
29,136.836,0.79533,1.06878,1.61644,0.006,0.37796,0.93418,0.63636,0.90791,0.71065,0.93418,0.63636,0.90791,0.67533,0.83461,1.18901,3.02884,0.00975,0,0.00124322,0.00124322,0.00124322
30,140.318,0.91049,1.05886,1.53519,0.00709,0.37265,1,0.65617,0.96099,0.75274,1,0.65617,0.96099,0.6516,0.81905,1.43404,2.80345,0.00899,0,0.00126896,0.00126896,0.00126896
31,143.735,0.85544,1.13505,1.4295,0.00624,0.40865,0.89449,0.81818,0.95805,0.79094,0.89449,0.81818,0.95805,0.74396,0.68441,1.01257,2.41409,0.00783,0,0.00129352,0.00129352,0.00129352
32,147.246,0.7604,1.10046,1.38298,0.00549,0.34986,0.90869,0.90476,0.95177,0.73939,0.90869,0.90476,0.95177,0.67862,0.77952,1.29753,2.20154,0.0093,0,0.00131689,0.00131689,0.00131689
33,150.604,0.84238,1.06709,1.31036,0.00653,0.35785,0.97391,0.84848,0.95173,0.7837,0.97391,0.84848,0.95173,0.74071,0.66954,1.0466,2.25246,0.0071,0,0.00133907,0.00133907,0.00133907
34,153.849,0.87488,1.03725,1.23656,0.00628,0.34653,0.95711,0.86364,0.97159,0.81697,0.95711,0.86364,0.97159,0.76047,0.61962,1.01168,1.94415,0.0071,0,0.0013466,0.0013466,0.0013466
35,157.307,0.67975,0.96728,1.09227,0.00533,0.32268,0.92704,0.86642,0.97408,0.79203,0.92704,0.86642,0.97408,0.73835,0.6891,1.01426,1.93047,0.00845,0,0.0013268,0.0013268,0.0013268
36,160.582,0.73059,0.95844,1.07011,0.00587,0.31397,0.93268,0.9448,0.98702,0.81296,0.93268,0.9448,0.98702,0.74492,0.67133,1.07581,1.35618,0.00756,0,0.001307,0.001307,0.001307
37,163.767,0.7731,1.05072,1.07081,0.0061,0.35666,0.9611,0.86364,0.9717,0.77959,0.9611,0.86364,0.9717,0.74602,0.77998,1.02461,1.46141,0.00815,0,0.0012872,0.0012872,0.0012872
38,167.089,0.7294,0.99079,0.982,0.00545,0.31596,0.98582,0.88636,0.9724,0.79111,0.98582,0.88636,0.9724,0.6834,0.74738,1.1942,1.31489,0.00794,0,0.0012674,0.0012674,0.0012674
39,170.408,0.70444,0.9767,0.93599,0.00546,0.34073,0.97581,0.91698,0.98256,0.83062,0.97581,0.91698,0.98256,0.74298,0.66353,1.11529,1.22296,0.00767,0,0.0012476,0.0012476,0.0012476
40,173.688,0.70677,0.88648,0.96637,0.00509,0.35384,0.97593,0.92179,0.98789,0.85067,0.97593,0.92179,0.98789,0.76743,0.56424,0.96944,1.06231,0.00624,0,0.0012278,0.0012278,0.0012278
41,177.077,0.68887,1.02541,0.84256,0.0051,0.31148,0.93293,0.94855,0.9831,0.79556,0.93293,0.94855,0.9831,0.76333,0.7007,0.91469,0.81404,0.00832,0,0.001208,0.001208,0.001208
42,180.303,0.69487,0.96836,0.79455,0.00515,0.30353,0.99491,0.90909,0.98675,0.82338,0.99491,0.90909,0.98675,0.75037,0.66666,0.98892,0.58332,0.00745,0,0.0011882,0.0011882,0.0011882
43,183.49,0.65929,0.94077,0.69102,0.00468,0.27924,0.94477,0.93182,0.98015,0.8328,0.94477,0.93182,0.98015,0.77598,0.57991,0.92453,0.50257,0.00659,0,0.0011684,0.0011684,0.0011684
44,186.813,0.63478,0.92109,0.70382,0.00448,0.32932,0.97298,0.95455,0.98622,0.80289,0.97298,0.95455,0.98622,0.76355,0.65903,0.97171,0.41743,0.00728,0,0.0011486,0.0011486,0.0011486
45,190.018,0.67752,0.946,0.754,0.00514,0.32114,0.88946,0.91451,0.96116,0.76588,0.88946,0.91451,0.96116,0.73676,0.69876,1.02561,0.52206,0.00803,0,0.0011288,0.0011288,0.0011288
46,193.221,0.68156,0.93002,0.7075,0.0048,0.32442,0.9661,0.95455,0.98826,0.81544,0.9661,0.95455,0.98826,0.74516,0.65158,1.15365,0.35606,0.00725,0,0.001109,0.001109,0.001109
47,196.52,0.64866,0.92267,0.68429,0.0046,0.33311,0.96626,0.88636,0.98157,0.81482,0.96626,0.88636,0.98157,0.7534,0.64606,1.08742,0.39477,0.00788,0,0.0010892,0.0010892,0.0010892
48,199.734,0.63833,0.90881,0.68471,0.00469,0.30072,0.90876,0.90557,0.96942,0.8241,0.90876,0.90557,0.96942,0.75129,0.60328,1.05772,0.49207,0.00728,0,0.0010694,0.0010694,0.0010694
49,202.902,0.6096,0.86015,0.5753,0.00482,0.26493,0.97966,0.90909,0.9848,0.81778,0.97966,0.90909,0.9848,0.77661,0.68209,1.00602,0.3874,0.008,0,0.0010496,0.0010496,0.0010496
50,206.054,0.66219,0.89263,0.60751,0.00486,0.32423,0.97292,0.97727,0.99118,0.8481,0.97292,0.97727,0.99118,0.79231,0.57906,0.95064,0.29355,0.00651,0,0.0010298,0.0010298,0.0010298
51,209.205,0.66733,0.87937,0.61778,0.005,0.27619,0.97553,0.97727,0.99333,0.82876,0.97553,0.97727,0.99333,0.7813,0.62663,0.9637,0.31532,0.00728,0,0.00101,0.00101,0.00101
52,212.397,0.63928,0.89973,0.59546,0.00452,0.28121,0.95745,0.97727,0.99254,0.84649,0.95745,0.97727,0.99254,0.79727,0.57267,0.93571,0.29152,0.00631,0,0.0009902,0.0009902,0.0009902
53,215.637,0.59984,0.85607,0.52218,0.00434,0.26811,1,0.96968,0.99413,0.85565,1,0.96968,0.99413,0.7944,0.56528,0.94343,0.28586,0.00633,0,0.0009704,0.0009704,0.0009704
54,218.892,0.59363,0.91287,0.59101,0.00439,0.29812,0.99468,0.95455,0.99368,0.85805,0.99468,0.95455,0.99368,0.80021,0.5702,0.88146,0.24809,0.00655,0,0.0009506,0.0009506,0.0009506
55,222.2,0.61216,0.84904,0.5328,0.00435,0.27254,0.99462,0.95455,0.99171,0.85195,0.99462,0.95455,0.99171,0.79853,0.60672,0.8805,0.26067,0.00691,0,0.0009308,0.0009308,0.0009308
56,225.498,0.57953,0.87995,0.51593,0.00425,0.28419,1,0.94537,0.98836,0.87064,1,0.94537,0.98836,0.79685,0.50461,0.88651,0.28161,0.00584,0,0.000911,0.000911,0.000911
57,228.774,0.60779,0.84867,0.51417,0.00434,0.26854,0.95441,0.95167,0.98837,0.87565,0.95441,0.95167,0.98837,0.77985,0.4959,0.89826,0.26374,0.00579,0,0.0008912,0.0008912,0.0008912
58,232.075,0.60136,0.88941,0.51701,0.00392,0.26887,0.96425,0.97727,0.99101,0.85261,0.96425,0.97727,0.99101,0.77571,0.53778,0.92862,0.29216,0.00645,0,0.0008714,0.0008714,0.0008714
59,235.35,0.63084,0.90245,0.54347,0.00444,0.30685,0.93018,0.97727,0.98953,0.83083,0.93018,0.97727,0.98953,0.78627,0.61692,0.86121,0.28732,0.00788,0,0.0008516,0.0008516,0.0008516
60,238.592,0.61413,0.83129,0.4934,0.00444,0.25391,1,0.92739,0.98839,0.86749,1,0.92739,0.98839,0.79274,0.49242,0.90283,0.26057,0.00601,0,0.0008318,0.0008318,0.0008318
61,241.605,0.56488,0.84569,0.47224,0.00435,0.26924,0.97724,0.97595,0.99254,0.86067,0.97724,0.97595,0.99254,0.80503,0.54538,0.85044,0.24402,0.00641,0,0.000812,0.000812,0.000812
62,244.68,0.57033,0.8995,0.44325,0.00435,0.28382,0.99597,0.97727,0.99413,0.86131,0.99597,0.97727,0.99413,0.8215,0.55404,0.82919,0.22444,0.00622,0,0.0007922,0.0007922,0.0007922
63,247.799,0.55944,0.84284,0.41879,0.00434,0.28044,0.99514,0.97727,0.99413,0.86207,0.99514,0.97727,0.99413,0.82529,0.52802,0.83486,0.22688,0.00639,0,0.0007724,0.0007724,0.0007724
64,250.914,0.57915,0.81275,0.46404,0.00398,0.27911,0.97006,0.95455,0.98998,0.86516,0.97006,0.95455,0.98998,0.80387,0.49962,0.84881,0.23022,0.00615,0,0.0007526,0.0007526,0.0007526
65,254.016,0.53563,0.83489,0.39225,0.00387,0.24828,1,0.97052,0.9926,0.90697,1,0.97052,0.9926,0.81762,0.46645,0.8494,0.20752,0.00564,0,0.0007328,0.0007328,0.0007328
66,257.201,0.48943,0.79066,0.38996,0.0036,0.2389,0.99514,0.97727,0.99296,0.85291,0.99514,0.97727,0.99296,0.80971,0.56637,0.8465,0.22352,0.00672,0,0.000713,0.000713,0.000713
67,260.299,0.5262,0.84807,0.38768,0.004,0.28345,1,0.99691,0.995,0.8816,1,0.99691,0.995,0.80041,0.4921,0.86883,0.19256,0.0056,0,0.0006932,0.0006932,0.0006932
68,263.375,0.53128,0.84678,0.45731,0.00388,0.30027,0.99098,1,0.995,0.86288,0.99098,1,0.995,0.81428,0.54565,0.88272,0.21111,0.0065,0,0.0006734,0.0006734,0.0006734
69,266.433,0.51228,0.83333,0.40589,0.00398,0.25843,0.99737,1,0.995,0.87178,0.99737,1,0.995,0.80637,0.5203,0.8923,0.20776,0.00624,0,0.0006536,0.0006536,0.0006536
70,269.493,0.5262,0.83997,0.43769,0.00357,0.25973,0.95623,0.9932,0.9928,0.8755,0.95623,0.9932,0.9928,0.79563,0.51037,0.93145,0.2079,0.00595,0,0.0006338,0.0006338,0.0006338
71,272.646,0.58877,0.85501,0.41401,0.00415,0.29109,0.97597,0.97727,0.99368,0.89309,0.97597,0.97727,0.99368,0.8014,0.45372,0.88182,0.20005,0.0055,0,0.000614,0.000614,0.000614
72,275.681,0.56283,0.85916,0.39713,0.00411,0.28467,0.98692,1,0.995,0.89345,0.98692,1,0.995,0.82153,0.48006,0.81028,0.18686,0.00558,0,0.0005942,0.0005942,0.0005942
73,278.785,0.54946,0.80409,0.38537,0.00372,0.24947,1,0.99646,0.995,0.89025,1,0.99646,0.995,0.82218,0.48014,0.82499,0.19138,0.00559,0,0.0005744,0.0005744,0.0005744
74,281.819,0.55665,0.84287,0.39108,0.0039,0.24348,0.99734,0.97727,0.99456,0.90679,0.99734,0.97727,0.99456,0.82816,0.45332,0.81918,0.16853,0.0055,0,0.0005546,0.0005546,0.0005546
75,284.877,0.56023,0.85276,0.43086,0.00377,0.27768,0.97659,1,0.99411,0.89155,0.97659,1,0.99411,0.83019,0.49831,0.82524,0.17399,0.00582,0,0.0005348,0.0005348,0.0005348
76,287.961,0.52451,0.78293,0.36407,0.00396,0.26073,1,0.97148,0.99372,0.90243,1,0.97148,0.99372,0.82725,0.4526,0.83924,0.18303,0.00543,0,0.000515,0.000515,0.000515
77,291.1,0.49937,0.81231,0.36048,0.0039,0.26722,0.97177,1,0.99411,0.91435,0.97177,1,0.99411,0.82125,0.43723,0.83476,0.16935,0.00532,0,0.0004952,0.0004952,0.0004952
78,294.182,0.55795,0.81031,0.38501,0.0041,0.25218,0.95472,1,0.99368,0.86708,0.95472,1,0.99368,0.81808,0.5268,0.83578,0.18459,0.00588,0,0.0004754,0.0004754,0.0004754
79,297.235,0.5389,0.81646,0.37717,0.00372,0.24058,0.99608,0.97727,0.99456,0.90886,0.99608,0.97727,0.99456,0.82824,0.45309,0.8194,0.15471,0.00547,0,0.0004556,0.0004556,0.0004556
80,300.303,0.4772,0.77628,0.34513,0.00366,0.25128,0.99678,1,0.995,0.90786,0.99678,1,0.995,0.8312,0.47057,0.79905,0.15227,0.00585,0,0.0004358,0.0004358,0.0004358
81,303.446,0.52982,0.79256,0.37647,0.00367,0.26548,0.99826,1,0.995,0.91716,0.99826,1,0.995,0.82264,0.44035,0.80577,0.14329,0.00511,0,0.000416,0.000416,0.000416
82,306.625,0.52647,0.75729,0.37195,0.00365,0.24703,0.99814,0.97727,0.99456,0.91863,0.99814,0.97727,0.99456,0.82204,0.40015,0.8103,0.15104,0.00479,0,0.0003962,0.0003962,0.0003962
83,309.782,0.50115,0.74288,0.3343,0.00345,0.25971,1,0.9951,0.995,0.91148,1,0.9951,0.995,0.82805,0.45987,0.7881,0.16565,0.00549,0,0.0003764,0.0003764,0.0003764
84,312.923,0.49082,0.76479,0.31524,0.00355,0.23228,0.97393,1,0.99367,0.9055,0.97393,1,0.99367,0.81865,0.43819,0.78356,0.19233,0.00507,0,0.0003566,0.0003566,0.0003566
85,316.078,0.50302,0.78481,0.36366,0.00346,0.23741,1,0.99018,0.995,0.89038,1,0.99018,0.995,0.81906,0.43279,0.78415,0.17013,0.00512,0,0.0003368,0.0003368,0.0003368
86,319.233,0.51123,0.7861,0.40004,0.00375,0.26507,0.99758,1,0.995,0.91323,0.99758,1,0.995,0.81969,0.42409,0.78816,0.16281,0.00511,0,0.000317,0.000317,0.000317
87,322.348,0.5348,0.81301,0.33737,0.00371,0.24167,0.99708,1,0.995,0.91121,0.99708,1,0.995,0.82008,0.44754,0.80211,0.16182,0.00546,0,0.0002972,0.0002972,0.0002972
88,325.431,0.46228,0.77191,0.33863,0.00329,0.22491,0.99799,1,0.995,0.91591,0.99799,1,0.995,0.82205,0.4194,0.81105,0.14316,0.00496,0,0.0002774,0.0002774,0.0002774
89,328.503,0.47981,0.76451,0.32141,0.00336,0.25326,0.9981,1,0.995,0.90934,0.9981,1,0.995,0.82466,0.42392,0.79741,0.14185,0.00513,0,0.0002576,0.0002576,0.0002576
90,331.575,0.42877,0.72167,0.34179,0.00304,0.23059,0.99736,1,0.995,0.91054,0.99736,1,0.995,0.82404,0.42062,0.7915,0.14358,0.00507,0,0.0002378,0.0002378,0.0002378
91,356.816,0.37337,0.72298,0.34771,0.00382,0.23637,0.99645,1,0.995,0.90288,0.99645,1,0.995,0.8194,0.43645,0.78982,0.14991,0.00518,0,0.000218,0.000218,0.000218
92,359.865,0.37963,0.6892,0.29552,0.00388,0.21451,0.9986,1,0.995,0.8932,0.9986,1,0.995,0.83008,0.4538,0.79386,0.15251,0.00528,0,0.0001982,0.0001982,0.0001982
93,362.919,0.35987,0.69077,0.30184,0.00383,0.21205,0.99942,1,0.995,0.88652,0.99942,1,0.995,0.81857,0.45982,0.80086,0.15371,0.00542,0,0.0001784,0.0001784,0.0001784
94,366.003,0.33353,0.67374,0.29235,0.00351,0.19933,0.99902,1,0.995,0.90218,0.99902,1,0.995,0.82285,0.43214,0.80315,0.14469,0.0052,0,0.0001586,0.0001586,0.0001586
95,369.083,0.36349,0.70096,0.29732,0.00343,0.21422,0.99867,1,0.995,0.89888,0.99867,1,0.995,0.81997,0.43712,0.8034,0.1405,0.00528,0,0.0001388,0.0001388,0.0001388
96,372.135,0.34244,0.67048,0.28956,0.00366,0.20568,0.9984,1,0.995,0.90533,0.9984,1,0.995,0.81599,0.42336,0.79841,0.13417,0.00515,0,0.000119,0.000119,0.000119
97,375.168,0.32573,0.67102,0.2973,0.00331,0.20128,0.99839,1,0.995,0.90339,0.99839,1,0.995,0.81907,0.42113,0.79681,0.13225,0.00507,0,9.92e-05,9.92e-05,9.92e-05
98,378.278,0.31332,0.67349,0.26609,0.00323,0.19686,0.99834,1,0.995,0.9015,0.99834,1,0.995,0.81538,0.43448,0.79799,0.13497,0.00523,0,7.94e-05,7.94e-05,7.94e-05
99,381.478,0.33168,0.70257,0.26268,0.00335,0.20374,0.99831,1,0.995,0.90361,0.99831,1,0.995,0.81408,0.43122,0.79976,0.13366,0.00515,0,5.96e-05,5.96e-05,5.96e-05
100,384.518,0.3354,0.68385,0.29363,0.00337,0.20616,0.99838,1,0.995,0.90336,0.99838,1,0.995,0.8178,0.41947,0.80184,0.13126,0.00504,0,3.98e-05,3.98e-05,3.98e-05
